title,selftext,url,created_utc,score,num_comments,subreddit
How come Apple is totally out of the AI race?,"Looks like they never even participated in the first place, meanwhile we have all those other trillion-dollar companies fighting for years to becoming the biggest and greatest in this race, and they're using it for everything Cloud, jobs etc.. not just photoshopping people away in pictures, the stock is barely moving at all while the other ones had their big run when they introduced that they're heavily invested into AI.. Alphabet, MSFT, META..",https://www.reddit.com/r/stocks/comments/1oev266/how_come_apple_is_totally_out_of_the_ai_race/,2025-10-24T11:21:15Z,613,506,stocks
Apple Said to Cut iPhone Air Production Amid Underwhelming Sales,,https://www.macrumors.com/2025/10/17/iphone-air-production-to-be-cut-amid-lower-sales/,2025-10-17T16:30:55Z,3687,1469,apple
Steve Jobs‚Äô Apple would‚Äôve never allowed this,I miss the perfectionism and the attention to details of the good old days ,https://i.redd.it/y013466udauf1.jpeg,2025-10-10T13:29:45Z,8640,512,ipad
Semi annual Apple event,"Any word on if we‚Äôll have an upcoming Apple event/multiplier in November? (CSP: 1.25x & CSR: 1.5x)

I referred someone to a CSP a few weeks ago, they just met their spend limit and got their SUB. I‚Äôm hoping mine will post in time for that forthcoming event‚Ä¶

(inb4 people suggesting to transfer points to other travel partners, I‚Äôm good thanks‚Ä¶)

TIA!

EDIT 11/1/25 11:30AM CST: Nothing on the Chase portal yet... ",https://www.reddit.com/r/ChaseSapphire/comments/1o90vw5/semi_annual_apple_event/,2025-10-17T13:09:41Z,4,12,ChaseSapphire
"Apple lowers iPhone Air orders to ""end of production"" levels",,https://www.notebookcheck.net/Apple-lowers-iPhone-Air-orders-to-end-of-production-levels.1144702.0.html,2025-10-23T13:27:25Z,3718,757,gadgets
Just how bad is Apple for privacy?,"I‚Äôm new to the privacy scene. I started recently by getting involved with Linux mint because of the change with Windows11 that I despise. It honestly got me wondering about smartphone security also as I‚Äôve been hearing some pretty terrible things about Apple as of late. I‚Äôve heard they‚Äôve been diving more and more into AI and they also recently came close to selling the data of UK residents to the government. Was just wondering how bad their products are for actual security. Have been an Apple product user for almost 15 years now but I‚Äôm willing to make a switch immediately for security/privacy purposes. 

If it‚Äôs just completely terrible could you please offer some smartphone alternatives? I‚Äôm not so gung ho about privacy that I‚Äôd want like a Nokia brick etc, I would still like a smartphone however just a more secure one. ",https://www.reddit.com/r/privacy/comments/1oixwoc/just_how_bad_is_apple_for_privacy/,2025-10-29T07:13:16Z,118,163,privacy
Breaking News: Caramel apple empanadas are back at Taco Bell,,https://i.redd.it/g5rlvhfi0eof1.jpeg,2025-09-10T19:17:22Z,57309,3830,BlackPeopleTwitter
"Donors for Trump‚Äôs $300m White House ballroom include Google, Apple and Palantir",,https://www.theguardian.com/us-news/2025/oct/23/trump-white-house-ballroom-donors,2025-10-23T17:38:11Z,32231,1275,news
Apple should‚Äôve let me done the colors,,https://i.redd.it/bztqt86mmyvf1.jpeg,2025-10-19T00:05:50Z,14262,761,iphone
"$AAPL - Apple launches Iphone 11, again.",,https://i.redd.it/9u3ybxvzj6of1.jpeg,2025-09-09T18:12:25Z,25895,828,wallstreetbets
Apple re-inventing the wheel,,https://v.redd.it/pj6lq1swy78f1,2025-06-21T05:51:50Z,39844,1680,pcmasterrace
Is the Apple new case really worth 80$?,"Nice.. not even a month and this is starting to come apart.. am I the only one with this issue?

Of course, no water damage, no splashes or anything like this.. just amazing normal use üôÉüôÉ",https://www.reddit.com/gallery/1oer926,2025-10-24T07:20:51Z,4797,1869,iphone
Apple Maps is honestly so underrated.,"It‚Äôs so fleshed out, and it looks so good imo!! ",https://i.redd.it/l7byp1e5gbsf1.jpeg,2025-09-30T14:56:13Z,9175,912,iphone
Every Apple device stolen from the Apple Store in Downtown Los Angeles last night is now sounding an alarm saying it should be returned,,https://v.redd.it/a70nuxqcq66f1,2025-06-10T23:33:34Z,52618,1573,interestingasfuck
Apple of My Eye (OC),,https://i.redd.it/cm5achyc06lf1.jpeg,2025-08-25T13:10:33Z,16182,713,comics
Apple has countered the hype,,https://i.redd.it/3zvxd06a2l5f1.png,2025-06-07T22:42:35Z,15706,2263,singularity
Apple CEO Tim Cook thanks Trump for his leadership,>Tim Cook was one of many tech CEOs Trump invited to dine with him at the White House on Thursday night.,https://www.youtube.com/shorts/fmvD6LMhmxQ,2025-09-06T01:00:07Z,5632,1578,apple
Found this weird apple today,,https://i.redd.it/6pn5mq9465ve1.jpeg,2025-04-16T06:32:53Z,40749,1907,lies
Wanna go apple picking? üçéüçè,,https://i.redd.it/2f74hixr9smf1.jpeg,2025-09-02T17:05:58Z,9572,764,selfie
Mr. Apple Eater himself,,https://www.reddit.com/gallery/1nvtflc,2025-10-02T03:45:20Z,18980,368,aww
